<?xml version="1.0" encoding="UTF-8"?>
<rss version="2.0" xmlns:ror="http://rorweb.com/0.1/" >
<channel>
  <title>ROR Sitemap for http://kungfuphp.com/</title>
  <link>http://kungfuphp.com/</link>

<item>
     <link>http://kungfuphp.com/</link>
     <title>Lập trình PHP - PHP Programing - PHP Development</title>
     <description>Lập trình PHP - PHP Programing - PHP Development</description>
     <ror:updatePeriod>always</ror:updatePeriod>
     <ror:sortOrder>0</ror:sortOrder>
     <ror:resourceOf>sitemap</ror:resourceOf>
</item>
<item>
     <link>http://kungfuphp.com/index.php</link>
     <title>Lập trình PHP - PHP Programing - PHP Development</title>
     <description>Lập trình PHP - PHP Programing - PHP Development</description>
     <ror:updatePeriod>always</ror:updatePeriod>
     <ror:sortOrder>1</ror:sortOrder>
     <ror:resourceOf>sitemap</ror:resourceOf>
</item>
<item>
     <link>http://kungfuphp.com/blogs-lap-trinh.php</link>
     <title>Danh sách các bài blog chia sẽ kinh nghiệm về lập trình PHP, PHP programming, js, plugin</title>
     <description>Danh sách các bài blog chia sẽ kinh nghiệm về lập trình PHP, PHP programming, js, plugin</description>
     <ror:updatePeriod>always</ror:updatePeriod>
     <ror:sortOrder>1</ror:sortOrder>
     <ror:resourceOf>sitemap</ror:resourceOf>
</item>
<item>
     <link>http://kungfuphp.com/contact.php</link>
     <title>Liên hệ lập trình PHP - PHP Programing - PHP Development</title>
     <description>Liên hệ lập trình PHP - PHP Programing - PHP Development</description>
     <ror:updatePeriod>always</ror:updatePeriod>
     <ror:sortOrder>1</ror:sortOrder>
     <ror:resourceOf>sitemap</ror:resourceOf>
</item>
<item>
     <link>http://kungfuphp.com/sitemap.html</link>
     <title>Site Map  Page 1 - Generated by www.xml-sitemaps.com</title>
     <description>Site Map  Page 1 - Generated by www.xml-sitemaps.com</description>
     <ror:updatePeriod>always</ror:updatePeriod>
     <ror:sortOrder>1</ror:sortOrder>
     <ror:resourceOf>sitemap</ror:resourceOf>
</item>
<item>
     <link>http://kungfuphp.com/co-nen-tap-trung-qua-nhieu-vao-framework-1.html</link>
     <title>Có nên tập trung quá nhiều vào framework ? - PHP Programing - PHP Development</title>
     <description>Có nên tập trung quá nhiều vào framework ? - PHP Programing - PHP Development</description>
     <ror:updatePeriod>always</ror:updatePeriod>
     <ror:sortOrder>1</ror:sortOrder>
     <ror:resourceOf>sitemap</ror:resourceOf>
</item>
<item>
     <link>http://kungfuphp.com/lap-trinh-web-la-gi-2.html</link>
     <title>Lập trình web là gì ? - PHP Programing - PHP Development</title>
     <description>Lập trình web là gì ? - PHP Programing - PHP Development</description>
     <ror:updatePeriod>always</ror:updatePeriod>
     <ror:sortOrder>1</ror:sortOrder>
     <ror:resourceOf>sitemap</ror:resourceOf>
</item>
<item>
     <link>http://kungfuphp.com/sql-injection-la-gi-4.html</link>
     <title>SQL Injection là gì ? - PHP Programing - PHP Development</title>
     <description>SQL Injection là gì ? - PHP Programing - PHP Development</description>
     <ror:updatePeriod>always</ror:updatePeriod>
     <ror:sortOrder>1</ror:sortOrder>
     <ror:resourceOf>sitemap</ror:resourceOf>
</item>
<item>
     <link>http://kungfuphp.com/chia-se-tai-lieu-lap-trinh-php-javascript-jquery-plugin-mysql-5.html</link>
     <title>Chia sẽ tài liệu lập trình PHP , Javascript, jQuery , Plugin , MySQL - PHP Programing - PHP Development</title>
     <description>Chia sẽ tài liệu lập trình PHP , Javascript, jQuery , Plugin , MySQL - PHP Programing - PHP Development</description>
     <ror:updatePeriod>always</ror:updatePeriod>
     <ror:sortOrder>1</ror:sortOrder>
     <ror:resourceOf>sitemap</ror:resourceOf>
</item>
<item>
     <link>http://kungfuphp.com/php-co-ban.php</link>
     <title>Các bài viết về PHP cơ bản, PHP Basic Programing cho người mới bắt đầu</title>
     <description>Các bài viết về PHP cơ bản, PHP Basic Programing cho người mới bắt đầu</description>
     <ror:updatePeriod>always</ror:updatePeriod>
     <ror:sortOrder>1</ror:sortOrder>
     <ror:resourceOf>sitemap</ror:resourceOf>
</item>
<item>
     <link>http://kungfuphp.com/chi-tiet-blog.php?id_blog=1</link>
     <title>Có nên tập trung quá nhiều vào framework ? - PHP Programing - PHP Development</title>
     <description>Có nên tập trung quá nhiều vào framework ? - PHP Programing - PHP Development</description>
     <ror:updatePeriod>always</ror:updatePeriod>
     <ror:sortOrder>2</ror:sortOrder>
     <ror:resourceOf>sitemap</ror:resourceOf>
</item>
<item>
     <link>http://kungfuphp.com/chi-tiet-blog.php?id_blog=2</link>
     <title>Lập trình web là gì ? - PHP Programing - PHP Development</title>
     <description>Lập trình web là gì ? - PHP Programing - PHP Development</description>
     <ror:updatePeriod>always</ror:updatePeriod>
     <ror:sortOrder>2</ror:sortOrder>
     <ror:resourceOf>sitemap</ror:resourceOf>
</item>
<item>
     <link>http://kungfuphp.com/chi-tiet-bai-viet.php</link>
     <title>Có nên tập trung quá nhiều vào framework ? - PHP Programing - PHP Development</title>
     <description>Có nên tập trung quá nhiều vào framework ? - PHP Programing - PHP Development</description>
     <ror:updatePeriod>always</ror:updatePeriod>
     <ror:sortOrder>2</ror:sortOrder>
     <ror:resourceOf>sitemap</ror:resourceOf>
</item>
<item>
     <link>http://kungfuphp.com/chi-tiet-bai-viet.php?id=1</link>
     <title>Có nên tập trung quá nhiều vào framework ? - PHP Programing - PHP Development</title>
     <description>Có nên tập trung quá nhiều vào framework ? - PHP Programing - PHP Development</description>
     <ror:updatePeriod>always</ror:updatePeriod>
     <ror:sortOrder>2</ror:sortOrder>
     <ror:resourceOf>sitemap</ror:resourceOf>
</item>
<item>
     <link>http://kungfuphp.com/chi-tiet-blog.php?id_blog=4</link>
     <title>SQL Injection là gì ? - PHP Programing - PHP Development</title>
     <description>SQL Injection là gì ? - PHP Programing - PHP Development</description>
     <ror:updatePeriod>always</ror:updatePeriod>
     <ror:sortOrder>2</ror:sortOrder>
     <ror:resourceOf>sitemap</ror:resourceOf>
</item>
<item>
     <link>http://kungfuphp.com/cai-dat-moi-truong-lap-trinh-php-3.html</link>
     <title>Cài đặt môi trường lập trình PHP - PHP Programing - PHP Development</title>
     <description>Cài đặt môi trường lập trình PHP - PHP Programing - PHP Development</description>
     <ror:updatePeriod>always</ror:updatePeriod>
     <ror:sortOrder>2</ror:sortOrder>
     <ror:resourceOf>sitemap</ror:resourceOf>
</item>
<item>
     <link>http://kungfuphp.com/chi-tiet-blog.php?id_blog=3</link>
     <title>Cài đặt môi trường lập trình PHP - PHP Programing - PHP Development</title>
     <description>Cài đặt môi trường lập trình PHP - PHP Programing - PHP Development</description>
     <ror:updatePeriod>always</ror:updatePeriod>
     <ror:sortOrder>2</ror:sortOrder>
     <ror:resourceOf>sitemap</ror:resourceOf>
</item>
<item>
     <link>http://kungfuphp.com/gioi-thieu-ve-cac-editor-cho-nha-phat-trien-web-6.html</link>
     <title>Giới thiệu về các editor cho nhà phát triển web - PHP Programing - PHP Development</title>
     <description>Giới thiệu về các editor cho nhà phát triển web - PHP Programing - PHP Development</description>
     <ror:updatePeriod>always</ror:updatePeriod>
     <ror:sortOrder>2</ror:sortOrder>
     <ror:resourceOf>sitemap</ror:resourceOf>
</item>
<item>
     <link>http://kungfuphp.com/chi-tiet-blog.php?id_blog=5</link>
     <title>Chia sẽ tài liệu lập trình PHP , Javascript, jQuery , Plugin , MySQL - PHP Programing - PHP Development</title>
     <description>Chia sẽ tài liệu lập trình PHP , Javascript, jQuery , Plugin , MySQL - PHP Programing - PHP Development</description>
     <ror:updatePeriod>always</ror:updatePeriod>
     <ror:sortOrder>3</ror:sortOrder>
     <ror:resourceOf>sitemap</ror:resourceOf>
</item>
</channel>
</rss>
  